Study_ID,Authors_Source,Year,District,Location,Water_Source_Type,Sample_Type,Season,N_Samples,Temperature_C,pH,EC_uS_cm,Turbidity_NTU,TDS_mg_L,DO_mg_L,Hardness_mg_L,Alkalinity_mg_L,Ca_mg_L,Mg_mg_L,Cl_mg_L,Fe_mg_L,As_mg_L,E_coli_CFU_100ml,Total_Coliform_CFU_100ml,WHO_pH_Pass,WHO_Turbidity_Pass,WHO_Ecoli_Pass,Overall_Safe,Notes
PCRWR_2020,PCRWR & The Asia Foundation,2020,Astore,Multiple villages,Mixed (Spring/Surface/River),PoU,Mixed,11,,,,,,, ,,,,, , , , ,No,No,No,No,100% unsafe; main issues: Microbial 82%, Iron 55%, Turbidity 9%
PCRWR_2020,PCRWR & The Asia Foundation,2020,Hunza,Multiple villages,Mixed,PoU,Mixed,20,,,,,,, ,,,,, , , , ,Yes,No,No,No,80% unsafe; Microbial 70%, Turbidity 30%, Iron 20%
PCRWR_2020,PCRWR & The Asia Foundation,2020,Skardu,Multiple villages,Mixed,PoU,Mixed,15,,,,,,, ,,,,, , , , ,Yes,No,No,No,80% unsafe; Microbial 60%, Turbidity 25%, Iron 20%
PCRWR_2020,PCRWR & The Asia Foundation,2020,Ghizar,Multiple villages,Mixed,PoU,Mixed, ,,,,,,, ,,,,, , , , ,Yes,No,No,No,74% unsafe; Microbial 68%
PCRWR_2020,PCRWR & The Asia Foundation,2020,Gilgit,Multiple villages,Mixed,PoU,Mixed, ,,,,,,, ,,,,, , , , ,Yes,No,No,No,70% unsafe; Microbial 67%
PCRWR_2020,PCRWR & The Asia Foundation,2020,Diamer,Multiple villages,Mixed,PoU,Mixed,9,,,,,,, ,,,,, , , , ,Yes,No,No,No,67% unsafe; Microbial 67%, Turbidity 22%
PCRWR_2020,PCRWR & The Asia Foundation,2020,Gilgit-Baltistan (Overall),All six districts,Mixed,PoU,Mixed,94, ,7.60,255.89,7.57,140.67, ,116.44, , , , , , , ,Yes,No,No,No,Overall only 22% safe. EC range 44-1093, pH 6.50-8.85, Turbidity 0.04-270, Hardness 10-470, TDS 24-601. Main problems: Microbial 68%, Turbidity 19%, Iron 24%, Fluoride 2%, Aluminium 7%
Shedayi_Sultanabad_2011,Jabeen & Shedayi / Shedayi et al.,2011,Gilgit,Sultanabad,Channel & Tap,Source + Tap, ,10, ,5.0-7.8,250-550,>5 (all samples high),200-400,8-10,160-200, , , , , , ,0- high (channel), ,No,No,No,No,Channel water highly contaminated with E.coli; ~50% samples failed zero E.coli guideline. pH below 6.0 in 45% samples. Turbidity exceeded WHO in all samples.
Shedayi_Nomal_2015,Shedayi et al.,2015,Gilgit,Nomal Valley,Channel & Tap,Source + Distribution, , ,9-25,7.0, ,5-10, , , , , , , , ,TNTC (channel-2), high,Yes,No,No,No,Physical & chemical mostly within WHO; biological highly contaminated (channel-2 TNTC, tap water 93 E.coli colonies). Water far from source more polluted.
Shedayi_Gilgit_2015,Shedayi et al.,2015,Gilgit,Danyore / Gilgit city area,Channel & Tap,Multiple points, ,10,5.6-22.5,5.0-7.8,305.2-493.3,17.1-96.0,200-300,5.5-9.36,160-190,30-43, , , , , ,Present (higher in channel), ,No,No,No,No,Total coliform higher in channel than tap. Some parameters within WHO, others (turbidity, some pH) outside.
WASEP_2022_Rural,Assessing water... WASEP projects (IWA),2022,Multiple (Ghizer,Gilgit,Hunza,Nagar),Selected WASEP rural schemes,Spring / Improved system,Source + System + Tap, ,26 (projects), ,7.5 (avg),343 (avg),0.7 (avg),165 (avg), ,136 (avg), , , , , ,0 (most), ,Yes,Yes,Yes,Yes,94% rural WASEP samples conformed to WHO (no E.coli). Much better than control sites.
WASEP_2022_Control,Assessing water... control sites,2022,Multiple,Control (non-WASEP) sites,Traditional / Unimproved,Source + Tap, ,12, ,7.3 (avg),249 (avg),1.9 (avg),119 (avg), ,123 (avg), , , , , ,High, ,Yes,Yes,No,No,Only 8% rural control sites had zero E.coli. Clear difference vs WASEP.
Basho_Valley_2022,Geospatial assessment Basho Valley (Springer),2022,Skardu,Basho Valley,Drinking sources, , ,23, ,7.1-7.5 (7.22), ,0.21-0.81 (0.48),232-365 (280), ,83-131 (103), , ,58-106 (78), , ,High microbial, ,Yes,Yes,No,No,Physico-chemical excellent; metals (Cu,Pb,Zn,Mn,Mo) and microbial exceed WHO. WQI good for physico-chem, poor for metals/microbial.
ChuTran_2022,Fatima et al. Chu Tran Valley,2022,Skardu (Shigar),Chu Tran Valley,Surface water, , ,24, ,7.00-7.40 (7.17), ,0.18-0.63 (0.39),347-668 (440), , , , , , , ,High metals + microbial, ,Yes,Yes,No,No,Physico-chemical excellent (91.7%); all samples unfit due to metals; 58% unfit microbial.
Satpara_2024,GIS-based WQI Satpara Watershed,2024,Skardu,Satpara Watershed,Surface / Reservoir, ,Fall 2023,51, ,7.2-8.5 (7.66), , , , , , , , , ,0.52 avg (up to 8), ,Yes, ,No,No,58.8% Poor, 31.8% Very poor, 9.8% Unfit by WQI. E.coli present due to anthropogenic activity near reservoir.
Hunza_HeavyMetals_2026,Geospatial Assessment Hunza Valley,2026,Hunza,Hunza Valley (springs & glaciers),Spring / Glacier, , ,66, , ,20-1100 (261), ,11-610 (156), , , , , , ,As 77% exceed, Pb 34%, Cd 25%, Cr 9%, , ,Yes, , ,No,59% unfit by WQI; 26% by SPI. Hotspots: Aliabad, Dorkhun, Ganish.
GB_2024_Integrated,Integrated assessment 86 samples (Env Pollution 2026),2024,Six districts GB,Springs, snowmelt, GW, river/lake,Source,June-Aug 2024,86, , , ,Elevated in hotspots, , , , , , ,As & Al dominate risk,72.1% exceed (Total Coliform), ,Yes,No,No,No,Most samples excellent-good by WQI but 72.1% Total Coliform exceedance. HI>1 in 22% adults / 30% children.
MICS_GB_2024_25,GB Multiple Indicator Cluster Survey,2024-2025,Gilgit-Baltistan,Household level,Household drinking water,PoU,Winter (Sep-Jan), , , , , , , , , , , , ,67.1% source / 74.8% household E.coli, , , ,No,No,Only 15.8% population has safely managed drinking water free from microbial contamination. Higher expected in summer.
Sohail_2019,Sohail et al. Desalination & Water Treatment,2019,Gilgit,Gilgit area, , , ,14, ,7.9,279,25,166, ,126, ,32.5, ,7.07,0.01,0.05, , ,Yes,No, ,No,Turbidity high (mean 25 NTU). WQI 56.95 (good but highest among compared areas).
Sohail_2019,Sohail et al.,2019,Skardu,Skardu area, , , ,14, ,7.9,274,14.9,168, ,120, ,33, ,6.07,0.02,0.03, , ,Yes,No, ,No,Turbidity mean 14.9 NTU.
Sohail_2019,Sohail et al.,2019,Ghanche,Ghanche, , , ,9, ,7.5,208,18.4,128, ,88, ,25, ,8.2,0.01,0.05, , ,Yes,No, ,No,
Sohail_2019,Sohail et al.,2019,Diamer,Diamer, , , ,14, ,7.6,192,5.6,111, ,69, ,21, ,7.1,0.02,0.05, , ,Yes,No, ,No,
Ahmed_2012_Risk,Ahmed et al. (Pakistan J. Zool.),2012,Gilgit-Baltistan,25 spring villages + 21 nallah villages,Spring & Nallah,Source to End of system, ,46 villages, , , , , , , , , , ,0-500 (spring source) up to TNTC (system); 4-500 (nallah source) up to TNTC, , , ,No,No,Springs better at source; contamination increases along distribution. Nallahs contaminated even at source.
GB_EPA_2012,GB-EPA Water & Wastewater Survey,2012,Seven urban centres (Gilgit,Skardu,Chilas, etc.),Urban water supply,Piped / Source, , ,88, , , , , , , , , , ,56% contaminated with faecal material, , , ,No,No,Only 22% Category A (safe); 37% low risk, 32% high risk, 8% very high risk.
Passu_Valley_2023,Fatima et al. Passu Valley,2023,Hunza-Nagar,Passu Valley,Spring & Tap, , ,24, ,Satisfactory physico-chem, , , , , , , , ,High As,Pb,Fe,Zn + high microbes, ,Yes, ,No,No,Physico-chemical OK; heavy metals and microbes make it unsuitable for drinking.
